{"web":{"client_id":"545185073581-q9b7qe93uvqj302ncfdenkfrcjrhk6al.apps.googleusercontent.com","project_id":"steel-ace-239901","auth_uri":"https://accounts.google.com/o/oauth2/auth","token_uri":"https://oauth2.googleapis.com/token","auth_provider_x509_cert_url":"https://www.googleapis.com/oauth2/v1/certs","client_secret":"ntuqOu3dVlQp4fRziLVVzGY_","redirect_uris":["http://localhost:5000/","http://localhost:5000/gconnect"],"javascript_origins":["https://www.example.com","http://localhost:5000"]}}